Date;Date de valeur;Débit;Crédit;Libellé;Solde
03/07/2026;03/07/2026;-10,00;;PRLV SEPA NOTION LABS;2790,00
05/07/2026;05/07/2026;;1200,00;VIR SEPA STUDIO LUMIERE FACT 107;3990,00
05/07/2026;05/07/2026;-19,99;;PRLV SEPA FREE MOBILE;3970,01
08/07/2026;08/07/2026;;1500,00;VIR SEPA MAISON ELIA ACOMPTE;5470,01
08/07/2026;08/07/2026;-12,99;;PRLV SEPA CANVA;5457,02
12/07/2026;12/07/2026;-14,99;;PRLV SEPA ZOOM VIDEO;5442,03
20/07/2026;20/07/2026;-6,80;;PRLV SEPA GOOGLE WORKSPACE;5435,23
28/07/2026;28/07/2026;-1800,00;;VIR PERMANENT MME EXEMPLE CLAIRE;3635,23
02/08/2026;02/08/2026;-100,00;;RETRAIT DAB 0208 CARTE 2080;3535,23
03/08/2026;03/08/2026;-10,00;;PRLV SEPA NOTION LABS;3525,23
05/08/2026;05/08/2026;;1200,00;VIR SEPA STUDIO LUMIERE FACT 108;4725,23
05/08/2026;05/08/2026;-19,99;;PRLV SEPA FREE MOBILE;4705,24
08/08/2026;08/08/2026;-12,99;;PRLV SEPA CANVA;4692,25
12/08/2026;12/08/2026;-14,99;;PRLV SEPA ZOOM VIDEO;4677,26
18/08/2026;18/08/2026;-46,00;;PAIEMENT CB 1808 SNCF CARTE 2080 HIR056;4631,26
20/08/2026;20/08/2026;;1500,00;VIR SEPA MAISON ELIA SOLDE;6131,26
20/08/2026;20/08/2026;-6,80;;PRLV SEPA GOOGLE WORKSPACE;6124,46
27/08/2026;27/08/2026;;450,00;VIR SEPA BIJOUX LEA FACT 401;6574,46
28/08/2026;28/08/2026;-1800,00;;VIR PERMANENT MME EXEMPLE CLAIRE;4774,46
03/09/2026;03/09/2026;-10,00;;PRLV SEPA NOTION LABS;4764,46
05/09/2026;05/09/2026;;1200,00;VIR SEPA STUDIO LUMIERE FACT 109;5964,46
05/09/2026;05/09/2026;-19,99;;PRLV SEPA FREE MOBILE;5944,47
08/09/2026;08/09/2026;-12,99;;PRLV SEPA CANVA;5931,48
09/09/2026;09/09/2026;;214,50;VIR CAF DEPARTEMENT EXEMPLE 0852423;6145,98
10/09/2026;10/09/2026;-696,60;;PRLV URSSAF AUTO ENTREPRENEUR;5449,38
12/09/2026;12/09/2026;-14,99;;PRLV SEPA ZOOM VIDEO;5434,39
14/09/2026;14/09/2026;-38,40;;PAIEMENT CB 1409 RESTAURANT LE BISTROT CARTE 2080 HIR090;5395,99
20/09/2026;20/09/2026;-6,80;;PRLV SEPA GOOGLE WORKSPACE;5389,19
22/09/2026;22/09/2026;-11,99;;PAIEMENT CB 2209 PARIS OVH SAS CARTE 2080 HIR078;5377,20
28/09/2026;28/09/2026;-1800,00;;VIR PERMANENT MME EXEMPLE CLAIRE;3577,20
03/10/2026;03/10/2026;-10,00;;PRLV SEPA NOTION LABS;3567,20
05/10/2026;05/10/2026;;1200,00;VIR SEPA STUDIO LUMIERE FACT 110;4767,20
05/10/2026;05/10/2026;-19,99;;PRLV SEPA FREE MOBILE;4747,21
08/10/2026;08/10/2026;-12,99;;PRLV SEPA CANVA;4734,22
10/10/2026;10/10/2026;-864,70;;PRLV URSSAF AUTO ENTREPRENEUR;3869,52
12/10/2026;12/10/2026;-14,99;;PRLV SEPA ZOOM VIDEO;3854,53
20/10/2026;20/10/2026;-6,80;;PRLV SEPA GOOGLE WORKSPACE;3847,73
